"name","image"
"account-link-api","release:2025-01-15.465.2a2f1821"
"account-link-audit-processor","release:2025-01-15.465.2a2f1821"
"account-link-email-publisher","release:2025-01-15.465.2a2f1821"
"account-link-event-context-translator","release:2025-02-18.951"
"account-link-event-processor","release:2025-01-15.465.2a2f1821"
"account-settings-api","release:2025-02-03.217.4fb60cee"
"account-settings-audit-processor","release:2025-02-03.217.4fb60cee"
"account-settings-email-publisher","release:2025-02-03.217.4fb60cee"
"account-settings-event-orchestrator","release:2025-02-03.217.4fb60cee"
"account-settings-event-processor","release:2025-02-03.217.4fb60cee"
"account-settings-phonenumber-notification-generator","release:2025-02-03.217.4fb60cee"
"account-settings-phonenumber-orchestrator","release:2025-02-03.217.4fb60cee"
"account-settings-tcpa-workflow-processor","release:2025-02-03.217.4fb60cee"
"account-settings-workflow-processor","release:2025-02-03.217.4fb60cee"
"address-api","release:2024-11-26.192.30d55257"
"address-audit-processor","release:2024-11-26.192.30d55257"
"address-email-publisher","release:2024-11-26.192.30d55257"
"address-event-orchestrator","release:2024-11-26.192.30d55257"
"address-event-processor","release:2024-11-26.192.30d55257"
"address-notification-generator","release:2024-11-26.192.30d55257"
"address-workflow-processor","release:2024-11-26.192.30d55257"
"addresses-event-builder-0202","release:2025-02-18.951"
"ags-application-adapter-api","release:2024-11-21.23.e7360a6b"
"balanced-billing-api","release:2024-12-24.56.58a15b43"
"balanced-billing-bc-event-builder","release:2025-02-18.951"
"balanced-billing-context-translator","release:2025-02-18.951"
"balanced-billing-event-builder","release:2024-10-25.719"
"balanced-billing-event-orchestrator","release:2024-12-24.56.58a15b43"
"balanced-billing-event-processor","release:2024-12-24.56.58a15b43"
"balanced-billing-mail-publisher","release:2024-12-24.56.58a15b43"
"bank-account-api","release:2025-01-30.225.79429936"
"bank-account-audit-event-processor","release:2025-01-30.225.79429936"
"bank-account-context-translator","release:2025-02-18.951"
"bank-account-event-builder","release:2024-10-25.719"
"bank-account-event-builder-v2","release:2025-02-18.951"
"bank-account-event-consumer","release:2024-10-08.199.7decc428"
"bank-account-event-orchestrator","release:2025-01-30.225.79429936"
"bank-account-workflow-event-processor","release:2025-01-30.225.79429936"
"bank-routing-details-event-builder","release:2024-10-25.719"
"bank-routing-details-event-builder-v2","release:2025-02-18.951"
"bill-api","release:2025-02-11.172.92808857"
"bill-consumer","release:2025-02-11.172.92808857"
"bill-delivery-event-builder","release:2024-10-25.719"
"bill-event-builder","release:2025-02-18.951"
"billing-account-address-key-event-builder-0201","release:2025-02-18.951"
"billing-account-api","release:2025-02-13.351.e4b0f424"
"billing-account-audit-processor","release:2025-02-13.351.e4b0f424"
"billing-account-event-builder","release:2025-02-18.951"
"billing-account-event-builder-customer-number-load","release:2025-02-18.951"
"billing-account-event-consumer","release:2025-02-13.351.e4b0f424"
"bulk-pay-event-processor","release:2025-01-31.224.7db03a8e"
"cancel-payment-api","release:2025-02-06.85.6cf4475f"
"cancel-payment-completed-event-context-translator","release:2025-02-18.951"
"cancel-payment-event-consumer","release:2025-02-06.85.6cf4475f"
"cancel-payment-event-processor","release:2025-02-06.85.6cf4475f"
"cancel-payment-user-account-consumer","release:2024-06-20.15.c83add9d"
"collection-activity-api","release:2024-12-05.40.c1d75496"
"collection-activity-event-builder","release:2025-02-18.951"
"collection-activity-graphql-api","release:2024-12-05.40.c1d75496"
"collection-detail-event-builder","release:2025-02-18.951"
"collection-detail-event-builder-v2","release:2025-02-18.951"
"collection-header-event-builder","release:2025-02-18.951"
"collection-header-event-builder-v2","release:2025-02-18.951"
"collection-info-event-builder","release:2025-02-18.951"
"collections-arrangement-api","release:2025-01-27.145.12a27795"
"collections-arrangement-audit-processor","release:2025-01-27.145.12a27795"
"collections-arrangement-consumer","release:2025-01-27.145.12a27795"
"collections-arrangement-context-translator","release:2025-02-18.951"
"collections-arrangement-derived-field-consumer","release:2025-01-27.145.12a27795"
"collections-arrangement-event-orchestrator","release:2025-01-27.145.12a27795"
"collections-arrangement-event-processor","release:2025-01-27.145.12a27795"
"collections-arrangement-user-account-consumer","release:2024-07-08.18.94f52627"
"collections-arrangement-workflow-event-processor","release:2025-01-27.145.12a27795"
"create-customer-context-translator","release:2025-01-28.928"
"create-user-context-translator","release:2025-02-18.951"
"credit-source-event-builder","release:2025-02-18.951"
"customer-info-api","release:2025-02-12.421.69de41e8"
"customer-info-audit-processor","release:2025-02-12.421.69de41e8"
"customer-info-event-builder","release:2025-02-18.951"
"customer-info-event-orchestrator","release:2025-02-12.421.69de41e8"
"customer-info-event-processor","release:2025-02-12.421.69de41e8"
"derived-field-priority-worker","release:2025-02-12.255.97e7f231"
"derived-field-scheduler","release:2025-02-12.255.97e7f231"
"derived-field-worker","release:2025-02-12.255.97e7f231"
"direct-pay-api","release:2025-01-17.113.0bf7bd5f"
"direct-pay-audit-processor","release:2025-01-17.113.0bf7bd5f"
"direct-pay-consumer","direct-pay-consumer"
"direct-pay-enrolment-event-builder","release:2025-02-18.951"
"direct-pay-event-builder","release:2025-02-18.951"
"direct-pay-event-orchestrator","release:2025-01-17.113.0bf7bd5f"
"direct-pay-event-processor","release:2025-01-17.113.0bf7bd5f"
"direct-pay-un-enrollment-workflow-processor","release:2025-01-17.113.0bf7bd5f"
"direct-pay-unenrollment-context-translator","release:2025-02-18.951"
"direct-pay-unenrollment-event-builder-0201","release:2025-02-18.951"
"direct-pay-unenrollment-event-builder-1231","release:2025-02-18.951"
"direct-pay-unenrollment-event-builder-1232","release:2025-02-18.951"
"energy-insights-api","release:2025-02-10.65.1a6b957e"
"energy-usage-api","release:2025-01-16.48.5d501401"
"energy-usage-consumer","release:2024-06-07.31.3b8d47d9"
"energy-usage-event-processor","release:2025-01-16.48.5d501401"
"esco-comparison-event-builder-1295","release:2025-02-18.951"
"esco-marketer-address-event-builder-1262","release:2025-02-18.951"
"financial-transaction-header-event-builder","release:2025-02-18.951"
"fuel-service-processor","release:2025-02-11.125.6884e945"
"identity-check-context-translator","release:2025-02-03.75.7bfb3f46"
"mailing-address-update-context-translator","release:2025-02-18.951"
"meter-api","release:2025-02-11.125.6884e945"
"meter-info-event-builder","release:2025-02-18.951"
"meter-point-event-builder","release:2025-02-18.951"
"meter-service-processor","release:2025-02-11.125.6884e945"
"notification-application-service-api","release:2024-11-28.37.368f9b81"
"notification-application-service-consumer","release:2024-11-28.37.368f9b81"
"opower-provider-api","release:2025-01-22.62.2687d472"
"opt-in-api","release:2025-02-03.263.2fb3175d"
"paperless-billing-api","release:2024-12-09.75.fd9c8355"
"paperless-billing-audit-processor","release:2024-12-09.75.fd9c8355"
"paperless-billing-bill-form-event-builder","release:2025-02-18.951"
"paperless-billing-context-translator","release:2025-02-18.951"
"paperless-billing-event-builder","release:2025-02-18.951"
"paperless-billing-event-orchestrator","release:2024-12-09.75.fd9c8355"
"paperless-billing-event-processor","release:2024-12-09.75.fd9c8355"
"paperless-billing-mail-publisher","release:2024-12-09.75.fd9c8355"
"pay-by-bank-api","release:2025-01-31.224.7db03a8e"
"pay-by-bank-context-translator","release:2025-02-18.951"
"pay-by-bank-context-translator-v2","release:2025-02-18.951"
"pay-by-bank-event-orchestrator","release:2025-01-31.224.7db03a8e"
"pay-by-bank-event-processor","release:2025-01-31.224.7db03a8e"
"pay-by-bank-user-account-consumer","release:2024-07-17.47.588c8a26"
"payment-api","release:2025-01-27.113.0c534c54"
"payment-consumer","release:2025-01-27.113.0c534c54"
"payment-data-sync-api","release:2025-01-27.113.0c534c54"
"payment-event-processor","release:2025-01-27.113.0c534c54"
"payment-plan-api","release:2025-01-27.503.a6b49df4"
"payment-plan-consumer","release:2025-01-27.503.a6b49df4"
"payment-plan-derived-field-consumer","release:2025-01-27.503.a6b49df4"
"payment-plan-detail-audit-processor","release:2025-01-27.503.a6b49df4"
"payment-plan-enrollment-context-translator","release:2025-02-18.951"
"payment-plan-event-builder","release:2025-01-03.874"
"payment-plan-event-builder-v2","release:2025-02-18.951"
"payment-plan-event-orchestrator","release:2025-01-27.503.a6b49df4"
"payment-plan-user-account-consumer","release:2024-07-08.218.8c136c0a"
"payment-plan-workflow-event-processor","release:2025-01-27.503.a6b49df4"
"payment-reminder-api","release:2025-01-28.132.087e1b22"
"payment-reminder-audit-processor","release:2025-01-28.132.087e1b22"
"payment-reminder-event-processor","release:2025-01-28.132.087e1b22"
"payment-user-account-consumer","release:2024-07-16.32.e6b2c224"
"phone-number-update-context-translator","release:2025-02-18.951"
"preferences-api","release:2024-07-30.39.62900763"
"premise-address-processor","release:2025-02-04.165.4b5f407b"
"premise-api","release:2025-02-04.165.4b5f407b"
"premise-meter-processor","release:2025-02-04.165.4b5f407b"
"premise-processor","release:2025-02-04.165.4b5f407b"
"premise-updated-event-builder","release:2025-02-18.951"
"premise-validator-processor","release:2025-02-04.165.4b5f407b"
"price-usage-event-builder","release:2025-02-18.951"
"price-usage-service-processor","release:2025-02-11.125.6884e945"
"recurring-pay-api","release:2025-01-30.204.5e933782"
"recurring-pay-audit-processor","release:2025-01-30.204.5e933782"
"recurring-pay-consumer","release:2025-01-30.204.5e933782"
"recurring-pay-consumer-v2","release:2024-06-20.10.7c9cc276"
"recurring-pay-context-translator","release:2025-02-18.951"
"recurring-pay-enrollment-workflow-processor","release:2025-01-30.204.5e933782"
"recurring-pay-event-builder","release:2025-02-18.951"
"recurring-pay-event-builder-v2","release:2025-02-18.951"
"recurring-pay-event-orchestrator","release:2025-01-30.204.5e933782"
"recurring-pay-event-processor","release:2025-01-30.204.5e933782"
"recurring-pay-reenroll-event-orchestrator","release:2025-01-30.204.5e933782"
"recurring-pay-reenrollment-workflow-processor","release:2025-01-30.204.5e933782"
"recurring-pay-unenrollment-workflow-processor","release:2025-01-30.204.5e933782"
"recurring-pay-user-account-consumer","release:2024-06-20.10.7c9cc276"
"service-address-event-builder","release:2025-02-18.951"
"service-address-updated-event-builder","release:2025-02-18.951"
"service-order-api","release:2025-02-11.417.39062094"
"service-order-derived-field-workflow-processor","release:2025-02-11.417.39062094"
"service-order-eligibility-workflow-processor","release:2024-07-29.115.74f61610"
"service-order-event-builder","release:2025-02-18.951"
"service-order-workflow-processor","release:2025-02-11.417.39062094"
"service-point-info-event-builder","release:2025-02-18.951"
"sf-account-balance-sync-context-translator","release:20240405.152037"
"sf-account-link-context-translator","release:2024-11-05.90.df71165a"
"sf-bank-account-context-translator","release:2024-11-05.90.df71165a"
"sf-cancel-payment-notification-context-translator","release:2024-11-05.90.df71165a"
"sf-create-user-context-translator","sf-create-user-context-translator"
"sf-marketing-cloud-email-context-translator","release:2024-11-05.90.df71165a"
"sf-pay-by-bank-notification-context-translator","release:2024-11-05.90.df71165a"
"sf-send-grid-email-context-translator","release:20240405.152037"
"sf-start-service-context-translator","release:2024-11-05.90.df71165a"
"start-service-context-translator","release:2025-02-18.951"
"stop-service-context-translator","release:2025-02-18.951"
"street-info-event-builder","release:2025-02-18.951"
"submit-meter-reading-api","release:2025-02-17.154.2908a05f"
"submit-meter-reading-audit-processor","release:2025-02-17.154.2908a05f"
"submit-meter-reading-consumer","release:2025-02-17.154.2908a05f"
"submit-meter-reading-context-translator","release:2025-02-18.951"
"submit-meter-reading-event-orchestrator","release:2025-02-17.154.2908a05f"
"submit-meter-reading-workflow-processor","release:2025-02-17.154.2908a05f"
"supplier-comparison-api","release:2024-12-05.53.44dbc55e"
"suspended-charges-audit-processor","release:2024-12-05.40.c1d75496"
"suspended-charges-event-builder","release:2025-02-18.951"
"tcpa-communications-pref-event-builder","release:2025-02-18.951"
"tcpa-updated-context-translator","release:2025-02-18.951"
"tips-context-translator-api","release:2025-01-22.62.2687d472"
"total-usage-header-event-builder","release:2025-02-18.951"
"udm-context-translator","release:2025-02-05.179.e28f3939"
"udm-create-user-context-translator","release:2025-02-05.179.e28f3939"
"udm-event-builder","release:2025-02-05.179.e28f3939"
"udm-mailing-address-update-context-translator","release:2025-02-05.179.e28f3939"
"udm-payment-reminder-context-translator","release:2025-02-05.179.e28f3939"
"udm-phone-number-update-context-translator","release:2025-02-05.179.e28f3939"
"udm-start-service-context-translator","release:2025-02-05.179.e28f3939"
"user-activity-api","release:2025-01-23.43.1bc1d57e"
"user-api","release:2025-02-12.205.06e60561"
"user-data-change-aggregator","release:2025-02-12.205.06e60561"
"user-email-publisher","release:2025-02-12.205.06e60561"
"user-event-orchestrator","release:2025-02-12.205.06e60561"
"user-event-processor","release:2025-02-12.205.06e60561"
"user-workflow-processor","release:2025-02-12.205.06e60561"
"weather-api","release:2024-11-06.61.049667d8"
"web-payment-event-builder","release:2025-02-18.951"
